{"cameraMode":{"drawMode":0,"name":"Shaded","section":"Shading Mode"},"sceneLighting":true,"audioPlay":false,"sceneViewState":{"showFog":true,"showMaterialUpdate":false,"showSkybox":true,"showFlares":true,"showImageEffects":true,"showParticleSystems":true},"in2DMode":false,"pivot":{"x":4.76137638092041,"y":-0.12336337566375733,"z":0.8993258476257324},"rotation":{"x":0.1675020307302475,"y":-0.013313697651028633,"z":0.0022610763553529979,"w":0.9857831597328186},"size":12.336153984069825,"orthographic":false}