{"cameraMode":{"drawMode":0,"name":"Shaded","section":"Shading Mode"},"sceneLighting":true,"audioPlay":false,"sceneViewState":{"showFog":true,"showMaterialUpdate":false,"showSkybox":true,"showFlares":true,"showImageEffects":true,"showParticleSystems":true},"in2DMode":false,"pivot":{"x":-41.64351272583008,"y":-108.14593505859375,"z":-148.14625549316407},"rotation":{"x":-0.042284104973077777,"y":0.9440453052520752,"z":-0.298566997051239,"w":-0.13371047377586366},"size":105.3484878540039,"orthographic":false}