{"cameraMode":{"drawMode":0,"name":"Shaded","section":"Shading Mode"},"sceneLighting":true,"audioPlay":false,"sceneViewState":{"showFog":true,"showMaterialUpdate":false,"showSkybox":true,"showFlares":true,"showImageEffects":true,"showParticleSystems":true},"in2DMode":false,"pivot":{"x":7.469451427459717,"y":-3.399341106414795,"z":-6.309703826904297},"rotation":{"x":0.12730619311332704,"y":-0.04908139258623123,"z":0.006306427996605635,"w":0.9906306862831116},"size":15.793292999267579,"orthographic":false}