{"cameraMode":{"drawMode":0,"name":"Shaded","section":"Shading Mode"},"sceneLighting":true,"audioPlay":false,"sceneViewState":{"showFog":true,"showMaterialUpdate":false,"showSkybox":true,"showFlares":true,"showImageEffects":true,"showParticleSystems":true},"in2DMode":false,"pivot":{"x":1.5717889070510865,"y":0.8332499861717224,"z":-3.9173953533172609},"rotation":{"x":-0.08259249478578568,"y":0.054384995251894,"z":-0.00451221177354455,"w":-0.9951006770133972},"size":8.401638984680176,"orthographic":false}