{"cameraMode":{"drawMode":0,"name":"Shaded","section":"Shading Mode"},"sceneLighting":false,"audioPlay":false,"sceneViewState":{"showFog":true,"showMaterialUpdate":false,"showSkybox":false,"showFlares":true,"showImageEffects":true,"showParticleSystems":true},"in2DMode":false,"pivot":{"x":1.2119801044464112,"y":1.5299999713897706,"z":-4.585865497589111},"rotation":{"x":-0.23119138181209565,"y":0.08945844322443009,"z":-0.02134096994996071,"w":-0.9685643911361694},"size":2.077866792678833,"orthographic":false}