{"cameraMode":{"drawMode":0,"name":"Shaded","section":"Shading Mode"},"sceneLighting":false,"audioPlay":false,"sceneViewState":{"showFog":true,"showMaterialUpdate":true,"showSkybox":false,"showFlares":true,"showImageEffects":true,"showParticleSystems":true},"in2DMode":false,"pivot":{"x":-4.46999979019165,"y":0.8360934257507324,"z":-0.02649998664855957},"rotation":{"x":0.037846025079488757,"y":-0.9494495987892151,"z":0.12638646364212037,"w":0.285003662109375},"size":1.755568504333496,"orthographic":false}