{"cameraMode":{"drawMode":0,"name":"Shaded","section":"Shading Mode"},"sceneLighting":true,"audioPlay":false,"sceneViewState":{"showFog":true,"showMaterialUpdate":true,"showSkybox":true,"showFlares":true,"showImageEffects":true,"showParticleSystems":true},"in2DMode":false,"pivot":{"x":-3.779618263244629,"y":0.8693771362304688,"z":2.427672863006592},"rotation":{"x":-0.11019652336835861,"y":-0.8550868034362793,"z":0.20271626114845277,"w":-0.46448490023612978},"size":7.3722991943359379,"orthographic":true}