{"cameraMode":{"drawMode":0,"name":"Shaded","section":"Shading Mode"},"sceneLighting":true,"audioPlay":false,"sceneViewState":{"showFog":true,"showMaterialUpdate":false,"showSkybox":true,"showFlares":true,"showImageEffects":true,"showParticleSystems":true},"in2DMode":false,"pivot":{"x":23.695728302001954,"y":-45.80350875854492,"z":-33.48057174682617},"rotation":{"x":-0.06256654858589173,"y":-0.9369242787361145,"z":0.2266114354133606,"w":-0.25868937373161318},"size":63.40601348876953,"orthographic":false}