{"cameraMode":{"drawMode":0,"name":"Shaded","section":"Shading Mode"},"sceneLighting":true,"audioPlay":false,"sceneViewState":{"showFog":true,"showMaterialUpdate":false,"showSkybox":true,"showFlares":true,"showImageEffects":true,"showParticleSystems":true},"in2DMode":false,"pivot":{"x":3.953540802001953,"y":10.611907005310059,"z":-0.21766889095306397},"rotation":{"x":0.04102908447384834,"y":0.48032596707344057,"z":-0.022498566657304765,"w":0.8758441805839539},"size":52.19340133666992,"orthographic":false}